{
  "net_pnl": -2.1228425052520397,
  "sharpe": -0.9230587322876688,
  "max_dd": -0.3762770308266938,
  "trades": 15,
  "profit_factor": 0.7094496463520064,
  "max_consec_losses": 6
}