{
  "net_pnl": 3.6410034679101706,
  "sharpe": 0.8052859656014135,
  "max_dd": -0.19136715209079752,
  "trades": 309,
  "profit_factor": 1.115324499860338,
  "max_consec_losses": 6
}