{
  "test_date": "2025-12-04T21:01:35.545801",
  "criteria": {
    "min_monthly_return": 13.0,
    "max_daily_dd": 2.0,
    "max_overall_dd": 10.0
  },
  "results": {
    "Pro_Overlap_Scalper": {
      "total_trades": 988,
      "total_return_pct": -0.4273616132530587,
      "monthly_return_pct": -0.1424538710843529,
      "max_drawdown_pct": 6.83389791482389,
      "max_daily_dd_pct": 3.0521044755474462,
      "win_rate_pct": 28.036437246963565,
      "profit_factor": 0.9961449407402546,
      "final_equity": 99572.63838674694,
      "meets_criteria": 