month,PnL
2025-01,-37.406415823274
2025-02,-11.06480648062703
2025-03,-2.9995369360537225
