{
  "test_date": "2025-12-05T04:06:27.352200",
  "metrics": {
    "total_trades": 3189,
    "total_return_pct": 13.133473649113744,
    "monthly_return_pct": 4.377824549704582,
    "max_drawdown_pct": 14.79617341459856,
    "max_daily_dd_pct": 12.35819397861173,
    "win_rate_pct": 21.636876763875822,
    "profit_factor": 1.0292356174712587,
    "final_equity": 113133.47364911374,
    "meets_criteria": false
  }
}