{
  "net_pnl": 3.969327571353624,
  "sharpe": 2.2009042606273086,
  "max_dd": -0.14118216648776868,
  "trades": 62,
  "profit_factor": 1.2275630667009374,
  "max_consec_losses": 4
}