{
  "momentum_M1": {
    "net_pnl": -11.82091573718822,
    "profit_factor": 0.44181097861916774,
    "win_rate": 22.82608695652174,
    "loss_rate": 77.17391304347827,
    "avg_trade_duration_min": 109.3804347826087,
    "avg_win": 0.4455403482107275,
    "avg_loss": -0.29827131055793654,
    "largest_win": 1.5236730110008585,
    "largest_loss": -0.8547275704310251,
    "trades": 92,
    "expectancy": -0.12848821453465456,
    "avg_rrr": 0.0,
    "sharpe": -3.4757260803052037,
    "sortino": -9.19443703724249,
    "max_drawdown_pct": -86.03833122324339,
    "max_drawdown_duration_days": 87,
    "equity_growth_pct": -78.57022604507458,
    "risk_adjusted_return_per_dollar": -0.7880610491458813,
    "trade_size_profit_corr": -0.12158403827285073,
    "tags": {}
  },
  "ml_generated_M1": {
    "net_pnl": 3.86190840227645,
    "profit_factor": 1.1153244998603715,
    "win_rate": 60.517799352750814,
    "loss_rate": 39.482200647249186,
    "avg_trade_duration_min": 32.48543689320388,
    "avg_win": 0.19972849281348076,
    "avg_loss": -0.2744862274905283,
    "largest_win": 0.5234930613627611,
    "largest_loss": -1.2988848192195936,
    "trades": 309,
    "expectancy": 0.012498085444260357,
    "avg_rrr": 0.0,
    "sharpe": 0.8039818579188921,
    "sortino": 0.8612215070877207,
    "max_drawdown_pct": -19.13671520907975,
    "max_drawdown_duration_days": 308,
    "equity_growth_pct": 23.92107094558742,
    "risk_adjusted_return_per_dollar": 0.25746056015176333,
    "trade_size_profit_corr": -0.11718060862253352,
    "tags": {}
  },
  "ensemble_M1": {
    "net_pnl": 3.233924707340085,
    "profit_factor": 1.0731803716655988,
    "win_rate": 53.15904139433552,
    "loss_rate": 46.84095860566448,
    "avg_trade_duration_min": 21.923747276688452,
    "avg_win": 0.19436505613227292,
    "avg_loss": -0.20554022785550938,
    "largest_win": 0.5329075662754151,
    "largest_loss": -0.9694872875307406,
    "trades": 459,
    "expectancy": 0.007045587597690818,
    "avg_rrr": 0.0,
    "sharpe": 0.6293335594973618,
    "sortino": 0.7931300299694346,
    "max_drawdown_pct": -21.58844868617838,
    "max_drawdown_duration_days": 458,
    "equity_growth_pct": 22.912402593514592,
    "risk_adjusted_return_per_dollar": 0.215594980489339,
    "trade_size_profit_corr": -0.06725761580986099,
    "tags": {}
  },
  "momentum_M5": {
    "net_pnl": -2.3416797158368157,
    "profit_factor": 0.7094496463520943,
    "win_rate": 26.666666666666668,
    "loss_rate": 73.33333333333333,
    "avg_trade_duration_min": 670.3333333333334,
    "avg_win": 1.4294457272314152,
    "avg_loss": -0.7326784204329524,
    "largest_win": 2.747684976700289,
    "largest_loss": -1.803952877329883,
    "trades": 15,
    "expectancy": -0.15611198105578772,
    "avg_rrr": 0.0,
    "sharpe": -0.8917594565630137,
    "sortino": -2.7807957728533492,
    "max_drawdown_pct": -37.62770308266938,
    "max_drawdown_duration_days": 13,
    "equity_growth_pct": -14.361809929948166,
    "risk_adjusted_return_per_dollar": -0.15611198105578772,
    "trade_size_profit_corr": -0.30947999535707715,
    "tags": {}
  },
  "ml_generated_M5": {
    "net_pnl": 3.02491132698991,
    "profit_factor": 1.22756306670103,
    "win_rate": 56.451612903225815,
    "loss_rate": 43.548387096774185,
    "avg_trade_duration_min": 160.80645161290323,
    "avg_win": 0.466215426266472,
    "avg_loss": -0.4923195774939484,
    "largest_win": 0.9006077024932025,
    "largest_loss": -1.5362640149067457,
    "trades": 62,
    "expectancy": 0.048788892370805005,
    "avg_rrr": 0.0,
    "sharpe": 2.183082880194295,
    "sortino": 2.847210610768476,
    "max_drawdown_pct": -14.118216648776869,
    "max_drawdown_duration_days": 30,
    "equity_growth_pct": 28.24021855201797,
    "risk_adjusted_return_per_dollar": 0.20166075513266069,
    "trade_size_profit_corr": -0.1875136901584405,
    "tags": {}
  },
  "ensemble_M5": {
    "net_pnl": 2.3447191959814444,
    "profit_factor": 1.131695219614311,
    "win_rate": 61.72839506172839,
    "loss_rate": 38.27160493827161,
    "avg_trade_duration_min": 124.1358024691358,
    "avg_win": 0.4029770424775171,
    "avg_loss": -0.5743268686417553,
    "largest_win": 0.7977987573466571,
    "largest_loss": -1.8600226522562917,
    "trades": 81,
    "expectancy": 0.028947150567672154,
    "avg_rrr": 0.0,
    "sharpe": 1.1145108930048653,
    "sortino": 1.315687848129809,
    "max_drawdown_pct": -28.14604071353858,
    "max_drawdown_duration_days": 40,
    "equity_growth_pct": 17.343401483961586,
    "risk_adjusted_return_per_dollar": 0.15631461306542963,
    "trade_size_profit_corr": -0.11202017512251372,
    "tags": {}
  }
}