{
  "net_pnl": -11.65580979392696,
  "sharpe": -3.494771297283302,
  "max_dd": -0.8603833122324339,
  "trades": 92,
  "profit_factor": 0.4418109786191468,
  "max_consec_losses": 13
}