{
  "net_pnl": 3.3990306506013503,
  "sharpe": 0.6300192927792366,
  "max_dd": -0.21588448686178363,
  "trades": 459,
  "profit_factor": 1.0731803716655746,
  "max_consec_losses": 6
}