{
  "net_pnl": 2.563556406566219,
  "sharpe": 1.1214549532901148,
  "max_dd": -0.2814604071353858,
  "trades": 81,
  "profit_factor": 1.1316952196142476,
  "max_consec_losses": 5
}